{
    "model_id": "0005",
    "total_number_of_states": 242,
    "min_x_value": 815893.0,
    "max_x_value": 816305.0,
    "min_y_value": 832859.0,
    "max_y_value": 833143.0,
    "min_z_value": 24.01,
    "max_z_value": 168.925,
    "grid_resolution_x": 2.0,
    "grid_resolution_y": 2.0,
    "timesteps": {
        "1": 0.0,
        "2": 0.0,
        "3": 0.497916042804718,
        "4": 0.9995365738868712,
        "5": 1.4995551109313965,
        "6": 1.9998846054077148,
        "7": 2.499907970428467,
        "8": 2.999786615371704,
        "9": 3.498743772506714,
        "10": 3.998587846755981,
        "11": 4.498136520385742,
        "12": 4.9995198249816895,
        "13": 5.49994707107544,
        "14": 5.999264240264893,
        "15": 6.4988861083984375,
        "16": 6.999434471130371,
        "17": 7.499253749847412,
        "18": 7.99880838394165,
        "19": 8.498495101928711,
        "20": 8.999216079711914,
        "21": 9.499080657958984,
        "22": 9.999605178833008,
        "23": 10.498356819152832,
        "24": 10.998224258422852,
        "25": 11.498839378356934,
        "26": 11.999317169189451,
        "27": 12.497703552246094,
        "28": 12.999529838562012,
        "29": 13.499951362609863,
        "30": 13.99879264831543,
        "31": 14.499259948730469,
        "32": 14.999448776245115,
        "33": 15.498292922973633,
        "34": 15.999227523803713,
        "35": 16.49888801574707,
        "36": 16.999935150146484,
        "37": 17.499162673950195,
        "38": 17.998777389526367,
        "39": 18.49881935119629,
        "40": 18.99945831298828,
        "41": 19.499324798583984,
        "42": 19.999977111816406,
        "43": 20.499982833862305,
        "44": 20.99848747253418,
        "45": 21.499902725219727,
        "46": 21.9993839263916,
        "47": 22.49944496154785,
        "48": 22.99973487854004,
        "49": 23.499509811401367,
        "50": 23.998783111572266,
        "51": 24.499099731445312,
        "52": 24.99919891357422,
        "53": 25.49881935119629,
        "54": 25.998565673828125,
        "55": 26.49930000305176,
        "56": 26.998958587646484,
        "57": 27.499675750732425,
        "58": 27.99985694885254,
        "59": 28.499282836914062,
        "60": 28.99932861328125,
        "61": 29.4991455078125,
        "62": 29.999860763549805,
        "63": 30.49920654296875,
        "64": 30.99924087524414,
        "65": 31.498491287231445,
        "66": 31.99937629699707,
        "67": 32.49991607666016,
        "68": 32.99942779541016,
        "69": 33.49942398071289,
        "70": 33.99943161010742,
        "71": 34.49983215332031,
        "72": 34.998573303222656,
        "73": 35.49866485595703,
        "74": 35.99842834472656,
        "75": 36.49871826171875,
        "76": 36.99947738647461,
        "77": 37.49906539916992,
        "78": 37.99983215332031,
        "79": 38.4998779296875,
        "80": 38.99937057495117,
        "81": 39.499488830566406,
        "82": 39.99930191040039,
        "83": 40.49913787841797,
        "84": 40.999271392822266,
        "85": 41.49887847900391,
        "86": 41.99981689453125,
        "87": 42.49837112426758,
        "88": 42.9987678527832,
        "89": 43.49983978271485,
        "90": 43.99983596801758,
        "91": 44.49967956542969,
        "92": 44.998836517333984,
        "93": 45.49948501586914,
        "94": 45.99932098388672,
        "95": 46.49886322021485,
        "96": 46.99932861328125,
        "97": 47.49942398071289,
        "98": 47.99947738647461,
        "99": 48.49845886230469,
        "100": 48.99942398071289,
        "101": 49.49895095825195,
        "102": 49.99928665161133,
        "103": 50.49951934814453,
        "104": 50.99987411499024,
        "105": 51.49860000610352,
        "106": 51.99999237060547,
        "107": 52.49859619140625,
        "108": 52.99839019775391,
        "109": 53.4990234375,
        "110": 53.9998893737793,
        "111": 54.49976348876953,
        "112": 54.99964141845703,
        "113": 55.49939727783203,
        "114": 55.99959182739258,
        "115": 56.49942779541016,
        "116": 56.9993782043457,
        "117": 57.4996223449707,
        "118": 57.99950408935547,
        "119": 58.49843215942383,
        "120": 58.99989700317383,
        "121": 59.49863815307617,
        "122": 59.99857711791992,
        "123": 60.49994659423828,
        "124": 60.998531341552734,
        "125": 61.49972534179688,
        "126": 61.99863052368164,
        "127": 62.49842071533203,
        "128": 62.99903106689453,
        "129": 63.4985466003418,
        "130": 63.99839019775391,
        "131": 64.4991226196289,
        "132": 64.99861907958984,
        "133": 65.49900817871094,
        "134": 65.99971771240234,
        "135": 66.49972534179688,
        "136": 66.99895477294922,
        "137": 67.49996185302734,
        "138": 67.99874877929688,
        "139": 68.49966430664062,
        "140": 68.99960327148438,
        "141": 69.49826049804688,
        "142": 69.99910736083984,
        "143": 70.4990005493164,
        "144": 70.99931335449219,
        "145": 71.4999771118164,
        "146": 71.99929809570312,
        "147": 72.4991683959961,
        "148": 72.99960327148438,
        "149": 73.49932098388672,
        "150": 73.99907684326172,
        "151": 74.49939727783203,
        "152": 74.99981689453125,
        "153": 75.4989242553711,
        "154": 75.99983978271484,
        "155": 76.49874877929688,
        "156": 76.99918365478516,
        "157": 77.49898529052734,
        "158": 77.99970245361328,
        "159": 78.49942779541016,
        "160": 78.9997787475586,
        "161": 79.49966430664062,
        "162": 79.99980926513672,
        "163": 80.49981689453125,
        "164": 80.99996185302734,
        "165": 81.499755859375,
        "166": 81.99913787841797,
        "167": 82.49915313720703,
        "168": 82.99993133544922,
        "169": 83.4994888305664,
        "170": 83.9984130859375,
        "171": 84.49833679199219,
        "172": 84.9987564086914,
        "173": 85.49949645996094,
        "174": 85.99884796142578,
        "175": 86.49896240234375,
        "176": 86.99954223632812,
        "177": 87.49929809570312,
        "178": 87.99925994873047,
        "179": 88.49907684326172,
        "180": 88.99901580810547,
        "181": 89.49853515625,
        "182": 89.99991607666016,
        "183": 90.49877166748048,
        "184": 90.9990692138672,
        "185": 91.49894714355467,
        "186": 91.99956512451172,
        "187": 92.49848175048828,
        "188": 92.99935150146484,
        "189": 93.49918365478516,
        "190": 93.99938201904295,
        "191": 94.49958801269533,
        "192": 94.99859619140624,
        "193": 95.49950408935548,
        "194": 95.99958801269533,
        "195": 96.4984130859375,
        "196": 96.99895477294922,
        "197": 97.49908447265624,
        "198": 97.99942016601562,
        "199": 98.4997329711914,
        "200": 98.99945831298828,
        "201": 99.49825286865234,
        "202": 99.99964904785156,
        "203": 100.49856567382812,
        "204": 100.99846649169922,
        "205": 101.49850463867188,
        "206": 101.9983367919922,
        "207": 102.49967956542967,
        "208": 102.9986801147461,
        "209": 103.49883270263672,
        "210": 103.99879455566406,
        "211": 104.49871063232422,
        "212": 104.99907684326172,
        "213": 105.4989242553711,
        "214": 105.99829864501952,
        "215": 106.49829864501952,
        "216": 106.99983978271484,
        "217": 107.4996337890625,
        "218": 107.99949645996094,
        "219": 108.49908447265624,
        "220": 108.99917602539062,
        "221": 109.49933624267578,
        "222": 109.99918365478516,