{
    "model_id": "0001",
    "total_number_of_states": 122,
    "min_x_value": 822649.0,
    "max_x_value": 822811.0,
    "min_y_value": 822644.0,
    "max_y_value": 822728.0,
    "min_z_value": 0.84,
    "max_z_value": 83.21000000000001,
    "grid_resolution_x": 3.0,
    "grid_resolution_y": 3.0,
    "timesteps": {
        "1": 0.0,
        "2": 0.0,
        "3": 0.4985756278038025,
        "4": 0.9997884035110474,
        "5": 1.4998635053634644,
        "6": 1.998841643333435,
        "7": 2.4982142448425293,
        "8": 2.9992105960845947,
        "9": 3.4993913173675537,
        "10": 3.998921632766724,
        "11": 4.499628544,
        "12": 4.999467372894287,
        "13": 5.498759746551514,
        "14": 5.999116897583008,
        "15": 6.499464511871338,
        "16": 6.999810695648193,
        "17": 7.498382091522217,
        "18": 7.997961044311523,
        "19": 8.498348236083984,
        "20": 8.997773170471191,
        "21": 9.498011589050291,
        "22": 9.998377799987791,
        "23": 10.498872756958008,
        "24": 10.999571800231934,
        "25": 11.498791694641112,
        "26": 11.998984336853027,
        "27": 12.497947692871094,
        "28": 12.998676300048828,
        "29": 13.498032569885254,
        "30": 13.999094009399414,
        "31": 14.49929428100586,
        "32": 14.997456550598145,
        "33": 15.49966526031494,
        "34": 15.999138832092283,
        "35": 16.49974250793457,
        "36": 16.99842071533203,
        "37": 17.499923706054688,
        "38": 17.99934959411621,
        "39": 18.498682022094727,
        "40": 18.99955368041992,
        "41": 19.49890137,
        "42": 19.99942398071289,
        "43": 20.49937057495117,
        "44": 20.998462677001957,
        "45": 21.497827529907227,
        "46": 21.999462127685547,
        "47": 22.499324798583984,
        "48": 22.997974395751957,
        "49": 23.49839782714844,
        "50": 23.99849319458008,
        "51": 24.497690200805664,
        "52": 24.99747467041016,
        "53": 25.497631072998047,
        "54": 25.99875831604004,
        "55": 26.498271942138672,
        "56": 26.99821281433105,
        "57": 27.498321533203125,
        "58": 27.998825073242188,
        "59": 28.49922752380371,
        "60": 28.998512268066406,
        "61": 29.498533248901367,
        "62": 29.99752426147461,
        "63": 30.498836517333984,
        "64": 30.99993705749512,
        "65": 31.498210906982425,
        "66": 31.99814224243164,
        "67": 32.49980545043945,
        "68": 32.99966049194336,
        "69": 33.498836517333984,
        "70": 33.997493743896484,
        "71": 34.49934005737305,
        "72": 34.999000549316406,
        "73": 35.49902344,
        "74": 35.99955368041992,
        "75": 36.498191833496094,
        "76": 36.99786758422852,
        "77": 37.498809814453125,
        "78": 37.99869155883789,
        "79": 38.49853897094727,
        "80": 38.99842071533203,
        "81": 39.498443603515625,
        "82": 39.99796295166016,
        "83": 40.49971771240234,
        "84": 40.99949264526367,
        "85": 41.49962234,
        "86": 41.99771118164063,
        "87": 42.49850845336914,
        "88": 42.997676849365234,
        "89": 43.49917602539063,
        "90": 43.99947738647461,
        "91": 44.49752807617188,
        "92": 44.99829102,
        "93": 45.49847030639648,
        "94": 45.999813079833984,
        "95": 46.49795150756836,
        "96": 46.99871063232422,
        "97": 47.49873733520508,
        "98": 47.99791336,
        "99": 48.49756622314453,
        "100": 48.9979248,
        "101": 49.49955368041992,
        "102": 49.99921417236328,
        "103": 50.49805068969727,
        "104": 50.99894332885742,
        "105": 51.499603271484375,
        "106": 51.99787521362305,
        "107": 52.499942779541016,
        "108": 52.99838638305664,
        "109": 53.49775695800781,
        "110": 53.99876785,
        "111": 54.4980697631836,
        "112": 54.99948120117188,
        "113": 55.49790954589844,
        "114": 55.99886703491211,
        "115": 56.499778747558594,
        "116": 56.99833297729492,
        "117": 57.49914551,
        "118": 57.99856185913086,
        "119": 58.49994659423828,
        "120": 58.998497009277344,
        "121": 59.49826049804688,
        "122": 59.99920654296875
    },
    "average_timestep": 0.4958612110989153
}