{
    "model_id": "0003",
    "total_number_of_states": 302,
    "min_x_value": 817056.0,
    "max_x_value": 817521.0,
    "min_y_value": 826226.0,
    "max_y_value": 827416.0,
    "min_z_value": 6.7924999999999995,
    "max_z_value": 404.465,
    "grid_resolution_x": 5.0,
    "grid_resolution_y": 5.0,
    "timesteps": {
        "State_1": 0.0,
        "State_2": 0.0,
        "State_3": 0.4991084337234497,
        "State_4": 0.9999455213546752,
        "State_5": 1.4992260932922363,
        "State_6": 1.999990701675415,
        "State_7": 2.497323989868164,
        "State_8": 2.999441385269165,
        "State_9": 3.498809814453125,
        "State_10": 3.998536348342896,
        "State_11": 4.498799800872803,
        "State_12": 4.997167110443115,
        "State_13": 5.499812126159668,
        "State_14": 5.999623775482178,
        "State_15": 6.499419689178467,
        "State_16": 6.999495506286621,
        "State_17": 7.499809741973877,
        "State_18": 7.999161720275879,
        "State_19": 8.497481346130371,
        "State_20": 8.997967720031738,
        "State_21": 9.499282836914062,
        "State_22": 9.99889850616455,
        "State_23": 10.498892784118652,
        "State_24": 10.9977388381958,
        "State_25": 11.497795104980469,
        "State_26": 11.998628616333008,
        "State_27": 12.498260498046877,
        "State_28": 12.997831344604492,
        "State_29": 13.499177932739258,
        "State_30": 13.99797821044922,
        "State_31": 14.498744010925291,
        "State_32": 14.997900009155272,
        "State_33": 15.498348236083984,
        "State_34": 15.999194145202637,
        "State_35": 16.49845314025879,
        "State_36": 16.998605728149414,
        "State_37": 17.4996337890625,
        "State_38": 17.9984130859375,
        "State_39": 18.499975204467773,
        "State_40": 18.997879028320312,
        "State_41": 19.49869537353516,
        "State_42": 19.998437881469727,
        "State_43": 20.49826431274414,
        "State_44": 20.999176025390625,
        "State_45": 21.49893951416016,
        "State_46": 21.999021530151367,
        "State_47": 22.499704360961918,
        "State_48": 22.99789428710937,
        "State_49": 23.4975700378418,
        "State_50": 23.998090744018555,
        "State_51": 24.499135971069336,
        "State_52": 24.99990463256836,
        "State_53": 25.49847984313965,
        "State_54": 25.999053955078125,
        "State_55": 26.49810791015625,
        "State_56": 26.99925994873047,
        "State_57": 27.49858283996582,
        "State_58": 27.99955177307129,
        "State_59": 28.49938201904297,
        "State_60": 28.9997501373291,
        "State_61": 29.498971939086918,
        "State_62": 29.999095916748047,
        "State_63": 30.497934341430664,
        "State_64": 30.99892807006836,
        "State_65": 31.497922897338867,
        "State_66": 31.99822235107422,
        "State_67": 32.49958801269531,
        "State_68": 32.99749755859375,
        "State_69": 33.49879455566406,
        "State_70": 33.998260498046875,
        "State_71": 34.49995040893555,
        "State_72": 34.99909210205078,
        "State_73": 35.499542236328125,
        "State_74": 35.99750518798828,
        "State_75": 36.49934387207031,
        "State_76": 36.99969482421875,
        "State_77": 37.499732971191406,
        "State_78": 37.998023986816406,
        "State_79": 38.49821853637695,
        "State_80": 38.99966430664063,
        "State_81": 39.4986457824707,
        "State_82": 39.99858093261719,
        "State_83": 40.49890899658203,
        "State_84": 40.99801635742188,
        "State_85": 41.49843215942383,
        "State_86": 41.99907684326172,
        "State_87": 42.4997673034668,
        "State_88": 42.99977111816406,
        "State_89": 43.49906921386719,
        "State_90": 43.99851608276367,
        "State_91": 44.49888229370117,
        "State_92": 44.99839782714844,
        "State_93": 45.49858093261719,
        "State_94": 45.99940490722656,
        "State_95": 46.49956512451172,
        "State_96": 46.9996223449707,
        "State_97": 47.49791717529297,
        "State_98": 47.9994010925293,
        "State_99": 48.49948501586914,
        "State_100": 48.998531341552734,
        "State_101": 49.49782180786133,
        "State_102": 49.99912643432617,
        "State_103": 50.49873733520508,
        "State_104": 50.99967193603516,
        "State_105": 51.498573303222656,
        "State_106": 51.998634338378906,
        "State_107": 52.498512268066406,
        "State_108": 52.99824142456055,
        "State_109": 53.49861145019531,
        "State_110": 53.9998664855957,
        "State_111": 54.498817443847656,
        "State_112": 54.99994659423828,
        "State_113": 55.49980545043945,
        "State_114": 55.99767303466797,
        "State_115": 56.49821090698242,
        "State_116": 56.99925231933594,
        "State_117": 57.49864959716797,
        "State_118": 57.999847412109375,
        "State_119": 58.49972152709961,
        "State_120": 58.99903869628906,
        "State_121": 59.49968338012695,
        "State_122": 59.998565673828125,
        "State_123": 60.499324798583984,
        "State_124": 60.99933624267578,
        "State_125": 61.49858856201172,
        "State_126": 61.9990234375,
        "State_127": 62.49913024902344,
        "State_128": 62.99807357788086,
        "State_129": 63.49939727783203,
        "State_130": 63.99803924560547,
        "State_131": 64.49956512451172,
        "State_132": 64.99855041503906,
        "State_133": 65.49917602539062,
        "State_134": 65.99828338623047,
        "State_135": 66.49980926513672,
        "State_136": 66.99919128417969,
        "State_137": 67.4996566772461,
        "State_138": 67.99897766113281,
        "State_139": 68.49847412109375,
        "State_140": 68.99931335449219,
        "State_141": 69.49950408935547,
        "State_142": 69.9993896484375,
        "State_143": 70.49949645996094,
        "State_144": 70.99928283691406,
        "State_145": 71.49994659423828,
        "State_146": 71.99940490722656,
        "State_147": 72.49959564208984,
        "State_148": 72.9988021850586,
        "State_149": 73.49870300292969,
        "State_150": 73.99925994873047,
        "State_151": 74.49842834472656,
        "State_152": 74.99800872802734,
        "State_153": 75.49899291992188,
        "State_154": 75.99955749511719,
        "State_155": 76.49869537353516,
        "State_156": 76.99986267089844,
        "State_157": 77.49930572509766,
        "State_158": 77.99935913085938,
        "State_159": 78.49870300292969,
        "State_160": 78.99993896484375,
        "State_161": 79.49895477294922,
        "State_162": 79.9990234375,
        "State_163": 80.49847412109375,
        "State_164": 80.99837493896484,
        "State_165": 81.4982681274414,
        "State_166": 81.99942016601562,
        "State_167": 82.49903106689453,
        "State_168": 82.99829864501953,
        "State_169": 83.49787902832031,
        "State_170": 83.99945068359375,
        "State_171": 84.49950408935547,
        "State_172": 84.99925231933594,
        "State_173": 85.49910736083984,
        "State_174": 85.99784088134766,
        "State_175": 86.49944305419922,
        "State_176": 86.99835968017578,
        "State_177": 87.49808502197266,
        "State_178": 87.99859619140625,
        "State_179": 88.49888610839844,
        "State_180": 88.9990234375,
        "State_181": 89.49922943115234,
        "State_182": 89.99999237060547,
        "State_183": 90.4998550415039,
        "State_184": 90.99799346923828,
        "State_185": 91.49932098388672,
        "State_186": 91.99803924560548,
        "State_187": 92.49823760986328,
        "State_188": 92.99797058105467,
        "State_189": 93.49776458740234,
        "State_190": 93.99980926513672,