{"training_losses": [0.5735638588666916, 0.6346835643053055, 0.4688407778739929, 0.44164004921913147, 0.38562483588854474], "validation_losses": [1.13147434592247, 0.9127442389726639, 0.847717210650444, 0.8835704326629639, 0.8762596994638443]}