{"training_losses": [0.3219364862079206, 1.1551714364601218, 0.25406473680682806, 0.22618045625479324, 0.20573401321535525], "validation_losses": [0.6914752125740051, 0.35226746648550034, 0.3331772107630968, 0.33539353869855404, 0.3270370941609144]}