{"training_losses": [0.06823016695030358, 0.033065461837079216, 0.025961146811428276, 0.023727288550656776, 0.021751115341549335], "validation_losses": [0.052040232345461845, 0.03835587692447007, 0.03474990441463888, 0.035074940184131265, 0.03178171953186393]}