{"training_losses": [0.06594339091744687, 0.05827099838190609, 0.05755428071651194, 0.056637373483843276, 0.05530950400150485], "validation_losses": [0.13826444000005722, 0.13862278745059045, 0.13481397614363702, 0.13898875191807747, 0.13432988067788462]}