{
    "model_id": "0006",
    "total_number_of_states": 242,
    "min_x_value": 815950.0,
    "max_x_value": 816304.0,
    "min_y_value": 832833.0,
    "max_y_value": 833171.0,
    "min_z_value": 23.905,
    "max_z_value": 164.1925,
    "grid_resolution_x": 2.0,
    "grid_resolution_y": 2.0,
    "timesteps": {
        "1": 0.0,
        "2": 0.0,
        "3": 0.4990960657596588,
        "4": 0.9996275901794434,
        "5": 1.4999037981033323,
        "6": 1.9999147653579712,
        "7": 2.4983131885528564,
        "8": 2.999002456665039,
        "9": 3.499321460723877,
        "10": 3.999937295913696,
        "11": 4.49823808670044,
        "12": 4.999659538269043,
        "13": 5.499975681304932,
        "14": 5.998864650726318,
        "15": 6.498697280883789,
        "16": 6.999088287353516,
        "17": 7.49865198135376,
        "18": 7.999465465545654,
        "19": 8.499906539916992,
        "20": 8.9987211227417,
        "21": 9.498053550720217,
        "22": 9.99977970123291,
        "23": 10.499017715454102,
        "24": 10.99887752532959,
        "25": 11.49971866607666,
        "26": 11.999720573425291,
        "27": 12.499545097351074,
        "28": 12.999385833740234,
        "29": 13.498261451721191,
        "30": 13.999051094055176,
        "31": 14.498909950256348,
        "32": 14.998108863830566,
        "33": 15.499818801879885,
        "34": 15.99902629852295,
        "35": 16.497901916503906,
        "36": 16.998165130615234,
        "37": 17.498165130615234,
        "38": 17.999202728271484,
        "39": 18.499452590942383,
        "40": 18.99980735778809,
        "41": 19.49925422668457,
        "42": 19.999439239501957,
        "43": 20.498987197875977,
        "44": 20.99932289123535,
        "45": 21.49929428100586,
        "46": 21.99959945678711,
        "47": 22.499589920043945,
        "48": 22.99951934814453,
        "49": 23.499652862548828,
        "50": 23.999128341674805,
        "51": 24.49905204772949,
        "52": 24.99839210510254,
        "53": 25.49965476989746,
        "54": 25.999725341796875,
        "55": 26.499679565429688,
        "56": 26.998579025268555,
        "57": 27.498350143432617,
        "58": 27.999095916748047,
        "59": 28.49863624572754,
        "60": 28.99858856201172,
        "61": 29.49930191040039,
        "62": 29.998767852783203,
        "63": 30.49884605407715,
        "64": 30.99848747253418,
        "65": 31.49937438964844,
        "66": 31.999969482421875,
        "67": 32.499229431152344,
        "68": 32.9981575012207,
        "69": 33.498287200927734,
        "70": 33.99998474121094,
        "71": 34.4981803894043,
        "72": 34.99949264526367,
        "73": 35.49925231933594,
        "74": 35.99907302856445,
        "75": 36.49828338623047,
        "76": 36.99951553344727,
        "77": 37.49885940551758,
        "78": 37.99842071533203,
        "79": 38.49862289428711,
        "80": 38.99812316894531,
        "81": 39.49957656860352,
        "82": 39.99867630004883,
        "83": 40.499847412109375,
        "84": 40.99938583374024,
        "85": 41.49996566772461,
        "86": 41.99877548217773,
        "87": 42.49846649169922,
        "88": 42.9980354309082,
        "89": 43.4981575012207,
        "90": 43.99871063232422,
        "91": 44.499786376953125,
        "92": 44.9999885559082,
        "93": 45.499996185302734,
        "94": 45.999996185302734,
        "95": 46.49839782714844,
        "96": 46.99933624267578,
        "97": 47.49944305419922,
        "98": 47.99885177612305,
        "99": 48.49811553955078,
        "100": 48.99921798706055,
        "101": 49.49840927124024,
        "102": 49.99831008911133,
        "103": 50.49850845336914,
        "104": 50.99849319458008,
        "105": 51.498573303222656,
        "106": 51.99889755249024,
        "107": 52.49953079223633,
        "108": 52.9995231628418,
        "109": 53.49790573120117,
        "110": 53.99834442138672,
        "111": 54.49966430664063,
        "112": 54.99885177612305,
        "113": 55.49844741821289,
        "114": 55.998348236083984,
        "115": 56.499305725097656,
        "116": 56.99964141845703,
        "117": 57.49894714355469,
        "118": 57.99822998046875,
        "119": 58.49924087524414,
        "120": 58.99900436401367,
        "121": 59.49863815307617,
        "122": 59.998653411865234,
        "123": 60.4983024597168,
        "124": 60.99851608276367,
        "125": 61.49964904785156,
        "126": 61.99918746948242,
        "127": 62.4997673034668,
        "128": 62.99931716918945,
        "129": 63.499168395996094,
        "130": 63.99985504150391,
        "131": 64.49951171875,
        "132": 64.9986801147461,
        "133": 65.49901580810547,
        "134": 65.99954223632812,
        "135": 66.49826049804688,
        "136": 66.99947357177734,
        "137": 67.4984130859375,
        "138": 67.9988784790039,
        "139": 68.49932861328125,
        "140": 68.99820709228516,
        "141": 69.49918365478516,
        "142": 69.99972534179688,
        "143": 70.49842834472656,
        "144": 70.9995346069336,
        "145": 71.49934387207031,
        "146": 71.99976348876953,
        "147": 72.4990005493164,
        "148": 72.99974060058594,
        "149": 73.49803161621094,
        "150": 73.99842834472656,
        "151": 74.49903106689453,
        "152": 74.99977111816406,
        "153": 75.4986801147461,
        "154": 75.99960327148438,
        "155": 76.49945831298828,
        "156": 76.99943542480469,
        "157": 77.49996948242188,
        "158": 77.998779296875,
        "159": 78.49990844726562,
        "160": 78.99845886230469,
        "161": 79.49872589111328,
        "162": 79.9984130859375,
        "163": 80.49909210205078,
        "164": 80.99972534179688,
        "165": 81.49885559082031,
        "166": 81.9982681274414,
        "167": 82.49982452392578,
        "168": 82.99825286865234,
        "169": 83.49825286865234,
        "170": 83.99976348876953,
        "171": 84.49993133544922,
        "172": 84.99845123291016,
        "173": 85.49921417236328,
        "174": 85.99800872802734,
        "175": 86.49850463867188,
        "176": 86.99821472167969,
        "177": 87.49944305419922,
        "178": 87.99857330322266,
        "179": 88.49840545654297,
        "180": 88.99992370605469,
        "181": 89.4982681274414,
        "182": 89.99949645996094,
        "183": 90.49794006347656,
        "184": 90.99815368652344,
        "185": 91.49818420410156,
        "186": 91.99868774414062,
        "187": 92.4982452392578,
        "188": 92.99896240234376,
        "189": 93.49983215332033,
        "190": 93.9990234375,
        "191": 94.49854278564452,
        "192": 94.99942016601562,
        "193": 95.49807739257812,
        "194": 95.99918365478516,
        "195": 96.49974822998048,
        "196": 96.99996948242188,
        "197": 97.49942016601562,
        "198": 97.99835205078124,
        "199": 98.4980239868164,
        "200": 98.99948120117188,
        "201": 99.4987335205078,
        "202": 99.9986343383789,
        "203": 100.49978637695312,
        "204": 100.99964904785156,
        "205": 101.49919891357422,
        "206": 101.99886322021484,
        "207": 102.49972534179688,
        "208": 102.99842834472656,
        "209": 103.49812316894533,
        "210": 103.99917602539062,
        "211": 104.4997100830078,
        "212": 104.99893188476562,
        "213": 105.49857330322266,
        "214": 105.9999542236328,
        "215": 106.49794006347656,
        "216": 106.99872589111328,
        "217": 107.49906158447266,
        "218": 107.99927520751952,
        "219": 108.49920654296876,
        "220": 108.99919128417967,
        "221": 109.49813079833984,
        "222": 109.99979400634766,