{
    "model_id": "0007",
    "total_number_of_states": 122,
    "min_x_value": 815939.0,
    "max_x_value": 816331.0,
    "min_y_value": 832754.0,
    "max_y_value": 833062.0,
    "min_z_value": 23.049999999999997,
    "max_z_value": 158.59750000000003,
    "grid_resolution_x": 2.0,
    "grid_resolution_y": 2.0,
    "timesteps": {
        "1": 0.0,
        "2": 0.0,
        "3": 0.499116986989975,
        "4": 0.9996883869171144,
        "5": 1.4996144771575928,
        "6": 1.9999334812164309,
        "7": 2.498997449874878,
        "8": 2.9996628761291504,
        "9": 3.4995596408843994,
        "10": 3.9980428218841553,
        "11": 4.499051570892334,
        "12": 4.998717784881592,
        "13": 5.499298572540283,
        "14": 5.999141216278076,
        "15": 6.497860431671143,
        "16": 6.999124050140381,
        "17": 7.499739646911621,
        "18": 7.997994899749756,
        "19": 8.499377250671387,
        "20": 8.999204635620117,
        "21": 9.497906684875488,
        "22": 9.9988374710083,
        "23": 10.499938011169434,
        "24": 10.997867584228516,
        "25": 11.499788284301758,
        "26": 11.997576713562012,
        "27": 12.499821662902832,
        "28": 12.998639106750488,
        "29": 13.499853134155272,
        "30": 13.997740745544434,
        "31": 14.49963665008545,
        "32": 14.999343872070312,
        "33": 15.49972438812256,
        "34": 15.997796058654783,
        "35": 16.4993953704834,
        "36": 16.999622344970703,
        "37": 17.497900009155273,
        "38": 17.998905181884766,
        "39": 18.49869155883789,
        "40": 18.999475479125977,
        "41": 19.499759674072266,
        "42": 19.998464584350582,
        "43": 20.499670028686523,
        "44": 20.997745513916016,
        "45": 21.49847412109375,
        "46": 21.999923706054688,
        "47": 22.49899101257324,
        "48": 22.99894905090332,
        "49": 23.498056411743164,
        "50": 23.999238967895508,
        "51": 24.498315811157227,
        "52": 24.999271392822266,
        "53": 25.49878692626953,
        "54": 25.999250411987305,
        "55": 26.499757766723636,
        "56": 26.998640060424805,
        "57": 27.499162673950195,
        "58": 27.999238967895508,
        "59": 28.4992733001709,
        "60": 28.99814796447754,
        "61": 29.4984130859375,
        "62": 29.999340057373047,
        "63": 30.499963760375977,
        "64": 30.998729705810547,
        "65": 31.49961471557617,
        "66": 31.998050689697266,
        "67": 32.4992561340332,
        "68": 32.997684478759766,
        "69": 33.497886657714844,
        "70": 33.99846649169922,
        "71": 34.49935531616211,
        "72": 34.997745513916016,
        "73": 35.49873352050781,
        "74": 35.999481201171875,
        "75": 36.49842071533203,
        "76": 36.999759674072266,
        "77": 37.49808883666992,
        "78": 37.9979362487793,
        "79": 38.49843597412109,
        "80": 38.99897384643555,
        "81": 39.49850845336914,
        "82": 39.99809265136719,
        "83": 40.49760437011719,
        "84": 40.99940872192383,
        "85": 41.49843597412109,
        "86": 41.99785232543945,
        "87": 42.497589111328125,
        "88": 42.99889373779297,
        "89": 43.49771499633789,
        "90": 43.99971008300781,
        "91": 44.4991455078125,
        "92": 44.99917984008789,
        "93": 45.49906539916992,
        "94": 45.998443603515625,
        "95": 46.49757385253906,
        "96": 46.99965286254883,
        "97": 47.49908065795898,
        "98": 47.99871444702149,
        "99": 48.4993896484375,
        "100": 48.999244689941406,
        "101": 49.4986572265625,
        "102": 49.99993133544922,
        "103": 50.498931884765625,
        "104": 50.99832534790039,
        "105": 51.49846649169922,
        "106": 51.99798583984375,
        "107": 52.49934387207031,
        "108": 52.99893951416016,
        "109": 53.4984245300293,
        "110": 53.99779891967773,
        "111": 54.49923706054688,
        "112": 54.998653411865234,
        "113": 55.49827194213867,
        "114": 55.9975814819336,
        "115": 56.49951171875,
        "116": 56.99863052368164,
        "117": 57.49870681762695,
        "118": 57.99846267700195,
        "119": 58.49803924560547,
        "120": 58.99759292602539,
        "121": 59.4975814819336,
        "122": 59.99996948242188
    },
    "average_timestep": 0.4958675163836519
}