{
    "model_id": "0002",
    "total_number_of_states": 119,
    "min_x_value": 819352.0,
    "max_x_value": 819592.0,
    "min_y_value": 826661.0,
    "max_y_value": 826897.0,
    "min_z_value": 13.0275,
    "max_z_value": 84.1875,
    "grid_resolution_x": 2.0,
    "grid_resolution_y": 2.0,
    "timesteps": {
        "State_1": 0.0,
        "State_2": 0.0,
        "State_3": 0.4998968243598938,
        "State_4": 0.9998602271080016,
        "State_5": 1.4990274906158447,
        "State_6": 1.9994922876358032,
        "State_7": 2.498560667037964,
        "State_8": 2.998124599456787,
        "State_9": 3.4993138313293457,
        "State_10": 3.99860405921936,
        "State_11": 4.4991536140441895,
        "State_12": 4.999619483947754,
        "State_13": 5.499820232391357,
        "State_14": 5.998908519744873,
        "State_15": 6.498937129974365,
        "State_16": 6.998134613037109,
        "State_17": 7.49958610534668,
        "State_18": 7.998292922973633,
        "State_19": 8.499927520751953,
        "State_20": 8.999170303344727,
        "State_21": 9.49890422821045,
        "State_22": 9.999300003051758,
        "State_23": 10.497957229614258,
        "State_24": 10.999604225158691,
        "State_25": 11.499361038208008,
        "State_26": 11.998228073120115,
        "State_27": 12.497648239135742,
        "State_28": 12.99821662902832,
        "State_29": 13.498861312866213,
        "State_30": 13.997900009155272,
        "State_31": 14.49965763092041,
        "State_32": 14.997872352600098,
        "State_33": 15.49812126159668,
        "State_34": 15.999740600585938,
        "State_35": 16.499164581298828,
        "State_36": 16.997859954833984,
        "State_37": 17.498619079589844,
        "State_38": 17.99884796142578,
        "State_39": 18.499998092651367,
        "State_40": 18.99987030029297,
        "State_41": 19.499011993408203,
        "State_42": 19.999452590942383,
        "State_43": 20.49911117553711,
        "State_44": 20.99995994567871,
        "State_45": 21.4997673034668,
        "State_46": 21.99950790405273,
        "State_47": 22.49847221374512,
        "State_48": 22.998760223388672,
        "State_49": 23.49951171875,
        "State_50": 23.99864196777344,
        "State_51": 24.49879646301269,
        "State_52": 24.99764633178711,
        "State_53": 25.499731063842773,
        "State_54": 25.998023986816406,
        "State_55": 26.49825096130371,
        "State_56": 26.99820327758789,
        "State_57": 27.49869728088379,
        "State_58": 27.998470306396484,
        "State_59": 28.498798370361328,
        "State_60": 28.998897552490234,
        "State_61": 29.49777603149414,
        "State_62": 29.999053955078125,
        "State_63": 30.498188018798828,
        "State_64": 30.999170303344727,
        "State_65": 31.49959945678711,
        "State_66": 31.99806022644043,
        "State_67": 32.498905181884766,
        "State_68": 32.9998664855957,
        "State_69": 33.498043060302734,
        "State_70": 33.99809646606445,
        "State_71": 34.49972915649414,
        "State_72": 34.99933624267578,
        "State_73": 35.498626708984375,
        "State_74": 35.99931335449219,
        "State_75": 36.49886322021485,
        "State_76": 36.99962615966797,
        "State_77": 37.49766540527344,
        "State_78": 37.9995231628418,
        "State_79": 38.49885940551758,
        "State_80": 38.99911880493164,
        "State_81": 39.499019622802734,
        "State_82": 39.99877548217773,
        "State_83": 40.49989318847656,
        "State_84": 40.99923324584961,
        "State_85": 41.499732971191406,
        "State_86": 41.99779891967773,
        "State_87": 42.499454498291016,
        "State_88": 42.998966217041016,
        "State_89": 43.499141693115234,
        "State_90": 43.9981689453125,
        "State_91": 44.49863815307617,
        "State_92": 44.9995231628418,
        "State_93": 45.4999885559082,
        "State_94": 45.99899673461914,
        "State_95": 46.4979248046875,
        "State_96": 46.99944686889648,
        "State_97": 47.498836517333984,
        "State_98": 47.9993782043457,
        "State_99": 48.49995040893555,
        "State_100": 48.99831008911133,
        "State_101": 49.49773025512695,
        "State_102": 49.99855422973633,
        "State_103": 50.49785232543945,
        "State_104": 50.99909591674805,
        "State_105": 51.49956512451172,
        "State_106": 51.99983596801758,
        "State_107": 52.49895095825195,
        "State_108": 52.99861526489258,
        "State_109": 53.499542236328125,
        "State_110": 53.99923706054688,
        "State_111": 54.499847412109375,
        "State_112": 54.998966217041016,
        "State_113": 55.4976806640625,
        "State_114": 55.99970245361328,
        "State_115": 56.49806213378906,
        "State_116": 56.99980163574219,
        "State_117": 57.4999885559082,
        "State_118": 57.99849319458008,
        "State_119": 58.49863052368164
    },
    "average_timestep": 0.49575110613289525
}