{
    "model_id": "0004",
    "total_number_of_states": 122,
    "min_x_value": 816083.0,
    "max_x_value": 816295.0,
    "min_y_value": 832881.0,
    "max_y_value": 833097.0,
    "min_z_value": 24.765,
    "max_z_value": 125.57249999999999,
    "grid_resolution_x": 2.0,
    "grid_resolution_y": 2.0,
    "timesteps": {
        "1": 0.0,
        "2": 0.0,
        "3": 0.4985885620117187,
        "4": 0.9999369978904724,
        "5": 1.4997819662094116,
        "6": 1.9993950128555296,
        "7": 2.4991023540496826,
        "8": 2.9997966289520264,
        "9": 3.499321699142456,
        "10": 3.997794628143311,
        "11": 4.498464107513428,
        "12": 4.998682975769043,
        "13": 5.498196125030518,
        "14": 5.998631954193115,
        "15": 6.497750282287598,
        "16": 6.999886512756348,
        "17": 7.499947071075439,
        "18": 7.998875617980957,
        "19": 8.499166488647461,
        "20": 8.998971939086914,
        "21": 9.49884033203125,
        "22": 9.999038696289062,
        "23": 10.498586654663086,
        "24": 10.998433113098145,
        "25": 11.497661590576172,
        "26": 11.999576568603516,
        "27": 12.499521255493164,
        "28": 12.99873161315918,
        "29": 13.497408866882324,
        "30": 13.9998140335083,
        "31": 14.499597549438477,
        "32": 14.99831199645996,
        "33": 15.499638557434082,
        "34": 15.998502731323242,
        "35": 16.497718811035156,
        "36": 16.999340057373047,
        "37": 17.49955177307129,
        "38": 17.999845504760742,
        "39": 18.49836158752441,
        "40": 18.999589920043945,
        "41": 19.498455047607425,
        "42": 19.999162673950195,
        "43": 20.498506546020508,
        "44": 20.99878692626953,
        "45": 21.498291015625,
        "46": 21.999298095703125,
        "47": 22.499248504638672,
        "48": 22.999174118041992,
        "49": 23.499897003173828,
        "50": 23.99906349182129,
        "51": 24.499738693237305,
        "52": 24.999242782592773,
        "53": 25.49866104125977,
        "54": 25.99834251403809,
        "55": 26.499174118041992,
        "56": 26.999950408935547,
        "57": 27.499982833862305,
        "58": 27.999011993408203,
        "59": 28.498512268066406,
        "60": 28.999866485595703,
        "61": 29.499141693115234,
        "62": 29.999759674072266,
        "63": 30.498998641967773,
        "64": 30.99968719482422,
        "65": 31.499906539916992,
        "66": 31.999011993408203,
        "67": 32.49813461303711,
        "68": 32.99846649169922,
        "69": 33.498497009277344,
        "70": 33.99908828735352,
        "71": 34.4981689453125,
        "72": 34.99967193603516,
        "73": 35.49920654296875,
        "74": 35.99858856201172,
        "75": 36.49848937988281,
        "76": 36.99908828735352,
        "77": 37.49980926513672,
        "78": 37.998680114746094,
        "79": 38.4996452331543,
        "80": 38.99825668334961,
        "81": 39.49980545043945,
        "82": 39.998313903808594,
        "83": 40.49868392944336,
        "84": 40.998416900634766,
        "85": 41.49850845336914,
        "86": 41.998966217041016,
        "87": 42.498443603515625,
        "88": 42.99998474121094,
        "89": 43.4983024597168,
        "90": 43.99884033203125,
        "91": 44.49911117553711,
        "92": 44.998512268066406,
        "93": 45.499759674072266,
        "94": 45.9987907409668,
        "95": 46.49821472167969,
        "96": 46.9995002746582,
        "97": 47.49860763549805,
        "98": 47.99990463256836,
        "99": 48.49899291992188,
        "100": 48.99843978881836,
        "101": 49.49861907958984,
        "102": 49.99900817871094,
        "103": 50.49839401245117,
        "104": 50.999942779541016,
        "105": 51.49967193603516,
        "106": 51.99873352050781,
        "107": 52.49955749511719,
        "108": 52.99995422363281,
        "109": 53.49885559082031,
        "110": 53.99893951416016,
        "111": 54.49951934814453,
        "112": 54.99995803833008,
        "113": 55.498512268066406,
        "114": 55.998573303222656,
        "115": 56.49844741821289,
        "116": 56.99860000610352,
        "117": 57.49835968017578,
        "118": 57.99845504760742,
        "119": 58.49993896484375,
        "120": 58.99960708618164,
        "121": 59.49909591674805,
        "122": 59.9987678527832
    },
    "average_timestep": 0.49585758556019177
}